Continent.Region,Country,LocationDescription,Latitude,Longitude,Elevation.m.,DateCollected,Month,Day,Year,Decade,MuseumOrField,SampleID,FieldID,Order,Family,Genus,Species,Subspecies,SpeciesName,Lifestage,BdStatus,GEScore,ZEScore,BdMethodology,SwabCollector,PreviouslyReported,Comments,,,,,,
NorthAmerica,United States,California_Madera County_W of Yosemite Forks along Hwy. 620,37.38552,-119.67957,969.3,1994,,,2003,2000s,Museum,MVZ243327,MVZ243327,Anura,Ranidae,Rana,catesbeiana,,Rana catesbeiana,,Negative,,0,qPCR (Vredenburg Lab),Sam McNally,,_Coordinate error (m) 31.569_Datum _MaNIS georeferencing guidelines_Used 30m default uncertainty.Estimated elevation using GPS Visualizer,,,,,,
NorthAmerica,United States,"California_Mariposa County_1 mi N Peregoy Meadow, Yosemite National Park",37.65247,-119.63257,2152,1943,6,22,1915,1910s,Museum,MVZ5782,MVZ5782,Anura,Ranidae,Rana,sierrae,,Rana sierrae,,Negative,,0,qPCR (Vredenburg Lab),Sam McNally,,_Coordinate error (m) 1720.388736_Datum __,,,,,,
NorthAmerica,United States,"California_Mariposa County_1 mi N Peregoy Meadow, Yosemite National Park",37.65247,-119.63257,2152,1943,6,22,1915,1910s,Museum,MVZ5788,MVZ5788,Anura,Ranidae,Rana,sierrae,,Rana sierrae,,Negative,,0,qPCR (Vredenburg Lab),Sam McNally,,_Coordinate error (m) 1720.388736_Datum __,,,,,,
NorthAmerica,United States,"California_Mariposa County_Yosemite National Park, Pleasant Valley",37.65638,-120.29042,213,1999,,,1915,1910s,Museum,MVZ5779,MVZ5779,Anura,Ranidae,Rana,boylii,,Rana boylii,,Negative,,0,qPCR (Vredenburg Lab),Sam McNally,,_Coordinate error (m) 7678.180224_Datum __,,,,,,
NorthAmerica,United States,"California_Mariposa County_Yosemite National Park, Pleasant Valley",37.65638,-120.29042,213,1952,,,1915,1910s,Museum,MVZ5780,MVZ5780,Anura,Ranidae,Rana,boylii,,Rana boylii,,Negative,,0,qPCR (Vredenburg Lab),Sam McNally,,_Coordinate error (m) 7678.180224_Datum __,,,,,,
NorthAmerica,United States,"California_Mariposa County_Creek below Monroe Meadow, Badger Pass Ski Area, Yosemite National Park",37.66285,-119.66467,2195.1,2003,,,2003,2000s,Museum,SM241,MVZ240826,Anura,Ranidae,Rana,sierrae,,Rana sierrae,,Negative,,0,qPCR (Vredenburg Lab),Sam McNally,,_Coordinate error (m) 8_Datum _MaNIS georeferencing guidelines_Estimated elevation using GPS Visualizer,,,,,,
NorthAmerica,United States,"California_Mariposa County_Creek below Monroe Meadow, Badger Pass Ski Area, Yosemite National Park",37.66285,-119.66467,2195.1,2003,,,2003,2000s,Museum,SM242,MVZ240827,Anura,Ranidae,Rana,sierrae,,Rana sierrae,,Negative,,0,qPCR (Vredenburg Lab),Sam McNally,,_Coordinate error (m) 8_Datum _MaNIS georeferencing guidelines_Estimated elevation using GPS Visualizer,,,,,,
NorthAmerica,United States,"California_Mariposa County_0.5 km S of Ostrander Meadow Trail head, S of Glacier Point Rd., Yosemite National Park",37.66312,-119.60102,2134.2,1983,,,2003,2000s,Museum,MVZ240751,MVZ240751,Anura,Hylidae,Pseudacris,regilla,,Pseudacris regilla,,Negative,,0,qPCR (Vredenburg Lab),Sam McNally,,_Coordinate error (m) 7_Datum _MaNIS georeferencing guidelines_Estimated elevation using GPS Visualizer,,,,,,
NorthAmerica,United States,"California_Mariposa County_Mono Meadow, Yosemite National Park",37.6749,-119.5746,2134,2000,,,1946,1940s,Museum,SM228,MVZ42845,Anura,Ranidae,Rana,sierrae,,Rana sierrae,,Negative,,0,qPCR (Vredenburg Lab),Sam McNally,,_Coordinate error (m) 914.7048_Datum _not recorded_Error based on size of meadow.,,,,,,
NorthAmerica,United States,"California_Mariposa County_3 mi ENE Chinquapin, Yosemite National Park",37.692411,-119.681902,2149,1990,,,1955,1950s,Museum,SM230,MVZ62893,Anura,Ranidae,Rana,sierrae,,Rana sierrae,,Negative,,0,qPCR (Vredenburg Lab),Sam McNally,,_Coordinate error (m) 2414.016_Datum _not recorded_,,,,,,
NorthAmerica,United States,"California_Mariposa County_3 mi ENE Chinquapin, Yosemite National Park",37.692411,-119.681902,2149,1991,,,1955,1950s,Museum,SM233,MVZ62888,Anura,Ranidae,Rana,sierrae,,Rana sierrae,,Negative,,0,qPCR (Vredenburg Lab),Sam McNally,,_Coordinate error (m) 2414.016_Datum _not recorded_,,,,,,
NorthAmerica,United States,"California_Mariposa County_3 mi ENE Chinquapin, Yosemite National Park",37.692411,-119.681902,2149,1992,,,1955,1950s,Museum,SM235,MVZ63956,Anura,Ranidae,Rana,sierrae,,Rana sierrae,,Negative,,0,qPCR (Vredenburg Lab),Sam McNally,,_Coordinate error (m) 2414.016_Datum _not recorded_,,,,,,
NorthAmerica,United States,"California_Mariposa County_3 mi ENE Chinquapin, Yosemite National Park",37.692411,-119.681902,2149,1996,,,1955,1950s,Museum,MVZ63957,MVZ63957,Anura,Ranidae,Rana,sierrae,,Rana sierrae,,Negative,,0,qPCR (Vredenburg Lab),Sam McNally,,_Coordinate error (m) 2414.016_Datum _not recorded_,,,,,,
NorthAmerica,United States,"California_Mariposa County_Lake N Mt. Clark, Yosemite National Park",37.701277,-119.42995,2896,1953,7,4,1922,1920s,Museum,MVZ8570,MVZ8570,Anura,Ranidae,Rana,sierrae,,Rana sierrae,,Negative,,0,qPCR (Vredenburg Lab),Sam McNally,,_Coordinate error (m) 804.672_Datum __,,,,,,
NorthAmerica,United States,"California_Mariposa County_ca. 3 mi SW Glacier Peak, at Scenic Marleer, Yosemite National Park",37.704449,-119.586763,2500,1973,,,1968,1960s,Museum,SM236,MVZ83676,Anura,Ranidae,Rana,sierrae,,Rana sierrae,,Negative,,0,qPCR (Vredenburg Lab),Sam McNally,,_Coordinate error (m) 804.672_Datum _not recorded_Error based on starting point area.,,,,,,
NorthAmerica,United States,"California_Mariposa County_Pothole Meadows, Yosemite National Park",37.705312,-119.58927,2363,1958,,,1954,1950s,Museum,SM239,MVZ60904,Anura,Ranidae,Rana,sierrae,,Rana sierrae,,Negative,,0,qPCR (Vredenburg Lab),Sam McNally,,_Coordinate error (m) 402.336_Datum _not recorded_,,,,,,
NorthAmerica,United States,"California_Mariposa County_El Capitan Meadow, Yosemite Valley, Yosemite National Park",37.72424,-119.63531,1206.3,2005,,,2005,2000s,Museum,MVZ249951,MVZ249951,Anura,Hylidae,Pseudacris,regilla,,Pseudacris regilla,,Positive,,944.8,qPCR (Vredenburg Lab),Sam McNally,,took average of 2 positive qPCR's_ZE's 1089.6_800_Coordinate error (m) _Datum _not recorded_No GPS accuracy givenEstimated elevation using GPS Visualizer,,,,,,
NorthAmerica,United States,"California_Mariposa County_California: Mariposa Co.: Yosemite Natl Park, Yosemite Valley",37.7255555556,-119.7033333333,1344,1987,,,1982,1980s,Museum,CAS161485,CAS161485,Anura,Bufonidae,Bufo,boreas,,Bufo boreas,,Negative,,0,qPCR (Vredenburg Lab),Sam McNally,,"_Coordinate error (m) _Datum _Place-Name-Index, Buckmaster Publishing, 1988_Estimated elevation using GPS Visualizer",,,,,,
NorthAmerica,United States,"California_Mariposa County_California: Mariposa Co.: Yosemite Nat'l Park, Yosemite Valley  4000 ft",37.7255555556,-119.7033333333,1220,1959,,,1982,1980s,Museum,CAS161448,CAS161448,Anura,Hylidae,Pseudacris,regilla,,Pseudacris regilla,,Negative,,0,qPCR (Vredenburg Lab),Sam McNally,,"_Coordinate error (m) _Datum _Place-Name-Index, Buckmaster Publishing, 1988_",,,,,,
NorthAmerica,United States,"California_Mariposa County_California: Mariposa Co.: Yosemite Nat'l Park, Yosemite Valley  4000 ft",37.7255555556,-119.7033333333,1220,1959,,,1982,1980s,Museum,CAS161449,CAS161449,Anura,Hylidae,Pseudacris,regilla,,Pseudacris regilla,,Negative,,0,qPCR (Vredenburg Lab),Sam McNally,,"_Coordinate error (m) _Datum _Place-Name-Index, Buckmaster Publishing, 1988_",,,,,,
NorthAmerica,United States,"California_Mariposa County_California: Mariposa Co.: Yosemite Nat'l Park, Yosemite Valley  4000 ft",37.7255555556,-119.7033333333,1220,1959,,,1982,1980s,Museum,CAS161450,CAS161450,Anura,Hylidae,Pseudacris,regilla,,Pseudacris regilla,,Negative,,0,qPCR (Vredenburg Lab),Sam McNally,,"_Coordinate error (m) _Datum _Place-Name-Index, Buckmaster Publishing, 1988_",,,,,,
NorthAmerica,United States,"California_Mariposa County_California: Mariposa Co.: Yosemite Nat'l Park, Yosemite Valley  4000 ft",37.7255555556,-119.7033333333,1220,1959,,,1982,1980s,Museum,CAS161451,CAS161451,Anura,Hylidae,Pseudacris,regilla,,Pseudacris regilla,,Negative,,0,qPCR (Vredenburg Lab),Sam McNally,,"_Coordinate error (m) _Datum _Place-Name-Index, Buckmaster Publishing, 1988_",,,,,,
NorthAmerica,United States,"California_Mariposa County_California: Mariposa Co.: Yosemite Nat'l Park, Yosemite Valley  4000 ft",37.7255555556,-119.7033333333,1220,1959,,,1982,1980s,Museum,CAS161452,CAS161452,Anura,Hylidae,Pseudacris,regilla,,Pseudacris regilla,,Negative,,0,qPCR (Vredenburg Lab),Sam McNally,,"_Coordinate error (m) _Datum _Place-Name-Index, Buckmaster Publishing, 1988_",,,,,,
NorthAmerica,United States,"California_Mariposa County_California: Mariposa Co.: Yosemite Nat'l Park, Yosemite Valley  4000 ft",37.7255555556,-119.7033333333,1220,1959,,,1982,1980s,Museum,CAS161453,CAS161453,Anura,Hylidae,Pseudacris,regilla,,Pseudacris regilla,,Negative,,0,qPCR (Vredenburg Lab),Sam McNally,,"_Coordinate error (m) _Datum _Place-Name-Index, Buckmaster Publishing, 1988_",,,,,,
NorthAmerica,United States,"California_Mariposa County_California: Mariposa Co.: Yosemite Nat'l Park, Yosemite Valley  4000 ft",37.7255555556,-119.7033333333,1220,1959,,,1982,1980s,Museum,CAS161454,CAS161454,Anura,Hylidae,Pseudacris,regilla,,Pseudacris regilla,,Negative,,0,qPCR (Vredenburg Lab),Sam McNally,,"_Coordinate error (m) _Datum _Place-Name-Index, Buckmaster Publishing, 1988_",,,,,,
NorthAmerica,United States,"California_Mariposa County_California: Mariposa Co.: Yosemite Nat'l Park, Yosemite Valley  4000 ft",37.7255555556,-119.7033333333,1220,1959,,,1982,1980s,Museum,CAS161455,CAS161455,Anura,Hylidae,Pseudacris,regilla,,Pseudacris regilla,,Negative,,0,qPCR (Vredenburg Lab),Sam McNally,,"_Coordinate error (m) _Datum _Place-Name-Index, Buckmaster Publishing, 1988_",,,,,,
NorthAmerica,United States,"California_Mariposa County_California: Mariposa Co.: Yosemite Nat'l Park, Yosemite Valley  4000 ft",37.7255555556,-119.7033333333,1220,1959,,,1982,1980s,Museum,CAS161456,CAS161456,Anura,Hylidae,Pseudacris,regilla,,Pseudacris regilla,,Negative,,0,qPCR (Vredenburg Lab),Sam McNally,,"_Coordinate error (m) _Datum _Place-Name-Index, Buckmaster Publishing, 1988_",,,,,,
NorthAmerica,United States,"California_Mariposa County_California: Mariposa Co.: Yosemite Nat'l Park, Yosemite Valley  4000 ft",37.7255555556,-119.7033333333,1220,1959,,,1982,1980s,Museum,CAS161457,CAS161457,Anura,Hylidae,Pseudacris,regilla,,Pseudacris regilla,,Negative,,0,qPCR (Vredenburg Lab),Sam McNally,,"_Coordinate error (m) _Datum _Place-Name-Index, Buckmaster Publishing, 1988_",,,,,,
NorthAmerica,United States,"California_Mariposa County_California: Mariposa Co.: Yosemite Nat'l Park, Yosemite Valley  4000 ft",37.7255555556,-119.7033333333,1220,1987,,,1982,1980s,Museum,CAS161458,CAS161458,Anura,Hylidae,Pseudacris,regilla,,Pseudacris regilla,,Negative,,0,qPCR (Vredenburg Lab),Sam McNally,,"_Coordinate error (m) _Datum _Place-Name-Index, Buckmaster Publishing, 1988_",,,,,,
NorthAmerica,United States,"California_Mariposa County_0.5 mi. E of El Capitan Meadow, Yosemite Valley, Yosemite National Park",37.72702,-119.62689,1203.3,2005,,,2005,2000s,Museum,MVZ249832,MVZ249832,Anura,Bufonidae,Bufo,boreas,,Bufo boreas,,Positive,,29.08,qPCR (Vredenburg Lab),Sam McNally,,took average of 2 positive qPCR's_ZEs 31.36_63.76_Coordinate error (m) _Datum _not recorded_No GPS accuracy givenEstimated elevation using GPS Visualizer,,,,,,
NorthAmerica,United States,"California_Mariposa County_E side of Bunnell Point along trail, Yosemite National Park",37.73778,-119.45824,2159,1998,,,2004,2000s,Museum,MVZ245468,MVZ245468,Anura,Hylidae,Pseudacris,regilla,,Pseudacris regilla,,Negative,,0,qPCR (Vredenburg Lab),Sam McNally,,_Coordinate error (m) 31.569_Datum _MaNIS georeferencing guidelines_30 m default GPS accuracy,,,,,,
NorthAmerica,United States,"California_Tuolumne County_1 mi NE Mt. Lyell, Yosemite National Park",37.7416178,-119.2617775,3201,2000,7,30,1946,1940s,Museum,MVZ42843,MVZ42843,Anura,Ranidae,Rana,sierrae,,Rana sierrae,,Negative,,0,qPCR (Vredenburg Lab),Sam McNally,,_Coordinate error (m) 30_Datum __,,,,,,
NorthAmerica,United States,"California_Mariposa County_ca. 0.2 mi S of junction to Vogelsang Pass and Merced Lake, ca. 1.6 mi E of Merced Lake, Yosemite National Park",37.74199,-119.39129,2433,1997,,,2004,2000s,Museum,MVZ245466,MVZ245466,Anura,Hylidae,Pseudacris,regilla,,Pseudacris regilla,,Negative,,0,qPCR (Vredenburg Lab),Sam McNally,,_Coordinate error (m) 9.269_Datum _MaNIS georeferencing guidelines_,,,,,,
NorthAmerica,United States,"California_Mariposa County_Crane Flat, Yosemite National Park",37.74597,-119.7993,1872,2003,,,2003,2000s,Museum,MVZ240768,MVZ240768,Anura,Hylidae,Pseudacris,regilla,,Pseudacris regilla,,Positive,,1.184,qPCR (Vredenburg Lab),Sam McNally,,took average of 2 positive qPCR's_ZEs 895.2_728_Coordinate error (m) 9.416_Datum _MaNIS georeferencing guidelines_Estimated elevation using GPS Visualizer,,,,,,
NorthAmerica,United States,"California_Mariposa County_Sunrise Trail at Crossing of Sunrise Creek, Yosemite National Park",37.74602,-119.49217,2226,1951,8,19,1915,1910s,Museum,MVZ5987,MVZ5987,Anura,Ranidae,Rana,sierrae,,Rana sierrae,,Negative,,0,qPCR (Vredenburg Lab),Sam McNally,,_Coordinate error (m) 323.478144_Datum __,,,,,,
NorthAmerica,United States,"California_Mariposa County_Ahwahnee Meadow, Yosemite Valley, Yosemite National Park",37.746286,-119.578615,1220,1954,,,1956,1950s,Museum,MVZ68054,MVZ68054,Anura,Ranidae,Rana,catesbeiana,,Rana catesbeiana,,Negative,,0,qPCR (Vredenburg Lab),Sam McNally,,_Coordinate error (m) 304.8_Datum _not recorded_Error based on size of meadow.,,,,,,
NorthAmerica,United States,"California_Mariposa County_Meadow NE of Crane Flat, E of Tioga Rd., Yosemite National Park",37.7564,-119.80553,1585,2005,,,2005,2000s,Museum,MVZ249956,MVZ249956,Anura,Hylidae,Pseudacris,regilla,,Pseudacris regilla,,Positive,,2,qPCR (Vredenburg Lab),Sam McNally,,took average of 2 positive qPCR's_ZE's 1.096_2.904_Coordinate error (m) _Datum _not recorded_GPS accuracy not recorded,,,,,,
NorthAmerica,United States,"California_Mariposa County_Babcock Lake, Yosemite National Park",37.7569,-119.3965,2707,1999,,,2004,2000s,Museum,MVZ245470,MVZ245470,Anura,Hylidae,Pseudacris,regilla,,Pseudacris regilla,,Negative,,0,qPCR (Vredenburg Lab),Sam McNally,,_Coordinate error (m) 275.197824_Datum _MaNIS georeferencing guidelines_extent of entire lake,,,,,,
NorthAmerica,United States,"California_Mariposa County_2.5 mi E Crone Flat, Hwy. 120, Yosemite National Park",37.758922,-119.769107,2073,1958,,,1954,1950s,Museum,SM234,MVZ62874,Anura,Ranidae,Rana,sierrae,,Rana sierrae,,Negative,,0,qPCR (Vredenburg Lab),Sam McNally,,"_Coordinate error (m) 518.16_Datum _not recorded_Assumed to be Crane Flat, error based on size of Flat.",,,,,,
NorthAmerica,United States,"California_Tuolumne County_McClure Fork, head of Lyell Canyon, Yosemite National Park",37.765953,-119.273445,3201,1952,6,19,1915,1910s,Museum,MVZ5797,MVZ5797,Anura,Ranidae,Rana,sierrae,,Rana sierrae,,Negative,,0,qPCR (Vredenburg Lab),Sam McNally,,_Coordinate error (m) 170.5810152_Datum __,,,,,,
NorthAmerica,United States,"California_Tuolumne County_head Lyell Canyon, near Upper Base Camp, Yosemite National Park",37.771775,-119.257337,3049,2000,7,6,1948,1940s,Museum,MVZ46811,MVZ46811,Anura,Ranidae,Rana,sierrae,,Rana sierrae,,Negative,,0,qPCR (Vredenburg Lab),Sam McNally,,_Coordinate error (m) 30_Datum __,,,,,,
NorthAmerica,United States,"California_Tuolumne County_head Lyell Canyon at 10,000 ft, Yosemite National  Park",37.7721809,-119.2574555,3049,1952,7,23,1915,1910s,Museum,MVZ5798,MVZ5798,Anura,Ranidae,Rana,sierrae,,Rana sierrae,,Negative,,0,qPCR (Vredenburg Lab),Sam McNally,,_Coordinate error (m) 184.7539104_Datum __,,,,,,
NorthAmerica,United States,"California_Tuolumne County_head Lyell Canyon at 10,000 ft, Yosemite National  Park",37.7721809,-119.2574555,3049,1952,7,23,1915,1910s,Museum,MVZ5799,MVZ5799,Anura,Ranidae,Rana,sierrae,,Rana sierrae,,Negative,,0,qPCR (Vredenburg Lab),Sam McNally,,_Coordinate error (m) 184.7539104_Datum __,,,,,,
NorthAmerica,United States,"California_Tuolumne County_head of Lyell Canyon, Yosemite National Park",37.7769743,-119.2608776,2957,1942,7,20,1915,1910s,Museum,MVZ5802,MVZ5802,Anura,Ranidae,Rana,muscosa,,Rana muscosa,,Negative,,0,qPCR (Vredenburg Lab),Sam McNally,,_Coordinate error (m) 162.192_Datum __,,,,,,
NorthAmerica,United States,"California_Mariposa County_Vogelsang Lake, Yosemite National Park",37.78762,-119.34099,3155,1943,8,30,1915,1910s,Museum,MVZ5963,MVZ5963,Anura,Ranidae,Rana,sierrae,,Rana sierrae,,Negative,,0,qPCR (Vredenburg Lab),Sam McNally,,_Coordinate error (m) 403.945344_Datum __,,,,,,
NorthAmerica,United States,"California_Mariposa County_Vogelsang Lake, Yosemite National Park",37.78762,-119.34099,3155,1943,8,30,1915,1910s,Museum,MVZ5964,MVZ5964,Anura,Ranidae,Rana,sierrae,,Rana sierrae,,Negative,,0,qPCR (Vredenburg Lab),Sam McNally,,_Coordinate error (m) 403.945344_Datum __,,,,,,
NorthAmerica,United States,"California_Mariposa County_Vogelsang Lake, Yosemite National Park",37.78762,-119.34099,3155,1945,8,30,1915,1910s,Museum,MVZ5965,MVZ5965,Anura,Ranidae,Rana,sierrae,,Rana sierrae,,Negative,,0,qPCR (Vredenburg Lab),Sam McNally,,_Coordinate error (m) 403.945344_Datum __,,,,,,
NorthAmerica,United States,"California_Mariposa County_Vogelsang Lake, Yosemite National Park",37.78762,-119.34099,3155,1945,8,30,1915,1910s,Museum,MVZ5966,MVZ5966,Anura,Ranidae,Rana,sierrae,,Rana sierrae,,Negative,,0,qPCR (Vredenburg Lab),Sam McNally,,_Coordinate error (m) 403.945344_Datum __,,,,,,
NorthAmerica,United States,"California_Mariposa County_Vogelsang Lake, Yosemite National Park",37.78762,-119.34099,3155,1945,8,30,1915,1910s,Museum,MVZ5969,MVZ5969,Anura,Ranidae,Rana,sierrae,,Rana sierrae,,Negative,,0,qPCR (Vredenburg Lab),Sam McNally,,_Coordinate error (m) 403.945344_Datum __,,,,,,
NorthAmerica,United States,"California_Mariposa County_Vogelsang Lake, Yosemite National Park",37.78762,-119.34099,3155,1945,8,30,1915,1910s,Museum,MVZ5970,MVZ5970,Anura,Ranidae,Rana,sierrae,,Rana sierrae,,Negative,,0,qPCR (Vredenburg Lab),Sam McNally,,_Coordinate error (m) 403.945344_Datum __,,,,,,
NorthAmerica,United States,"California_Mariposa County_Vogelsang Lake, Yosemite National Park",37.78762,-119.34099,3155,1945,8,30,1915,1910s,Museum,MVZ5972,MVZ5972,Anura,Ranidae,Rana,sierrae,,Rana sierrae,,Negative,,0,qPCR (Vredenburg Lab),Sam McNally,,_Coordinate error (m) 403.945344_Datum __,,,,,,
NorthAmerica,United States,"California_Mariposa County_Vogelsang Lake, Yosemite National Park",37.78762,-119.34099,3155,1945,8,30,1915,1910s,Museum,MVZ5977,MVZ5977,Anura,Ranidae,Rana,sierrae,,Rana sierrae,,Negative,,0,qPCR (Vredenburg Lab),Sam McNally,,_Coordinate error (m) 403.945344_Datum __,,,,,,
NorthAmerica,United States,"California_Mariposa County_Vogelsang Lake, Yosemite National Park",37.78762,-119.34099,3155,1946,8,30,1915,1910s,Museum,MVZ5978,MVZ5978,Anura,Ranidae,Rana,sierrae,,Rana sierrae,,Negative,,0,qPCR (Vredenburg Lab),Sam McNally,,_Coordinate error (m) 403.945344_Datum __,,,,,,
NorthAmerica,United States,"California_Mariposa County_Vogelsang Lake, Yosemite National Park",37.78762,-119.34099,3155,1946,8,30,1915,1910s,Museum,MVZ5979,MVZ5979,Anura,Ranidae,Rana,sierrae,,Rana sierrae,,Negative,,0,qPCR (Vredenburg Lab),Sam McNally,,_Coordinate error (m) 403.945344_Datum __,,,,,,
NorthAmerica,United States,"California_Mariposa County_Vogelsang Lake, Yosemite National Park",37.78762,-119.34099,3155,1948,8,30,1915,1910s,Museum,MVZ5981,MVZ5981,Anura,Ranidae,Rana,sierrae,,Rana sierrae,,Negative,,0,qPCR (Vredenburg Lab),Sam McNally,,_Coordinate error (m) 403.945344_Datum __,,,,,,
NorthAmerica,United States,"California_Mariposa County_Vogelsang Lake, Yosemite National Park",37.78762,-119.34099,3155,1948,8,30,1915,1910s,Museum,MVZ5982,MVZ5982,Anura,Ranidae,Rana,sierrae,,Rana sierrae,,Negative,,0,qPCR (Vredenburg Lab),Sam McNally,,_Coordinate error (m) 403.945344_Datum __,,,,,,
NorthAmerica,United States,"California_Mariposa County_Vogelsang Lake, Yosemite National Park",37.78762,-119.34099,3155,1948,8,30,1915,1910s,Museum,MVZ5983,MVZ5983,Anura,Ranidae,Rana,sierrae,,Rana sierrae,,Negative,,0,qPCR (Vredenburg Lab),Sam McNally,,_Coordinate error (m) 403.945344_Datum __,,,,,,
NorthAmerica,United States,"California_Mariposa County_Vogelsang Lake, Yosemite National Park",37.78762,-119.34099,3155,1951,8,30,1915,1910s,Museum,MVZ5984,MVZ5984,Anura,Ranidae,Rana,sierrae,,Rana sierrae,,Negative,,0,qPCR (Vredenburg Lab),Sam McNally,,_Coordinate error (m) 403.945344_Datum __,,,,,,
NorthAmerica,United States,"California_Mariposa County_Vogelsang Lake, Yosemite National Park",37.78762,-119.34099,3155,1951,8,30,1915,1910s,Museum,MVZ5986,MVZ5986,Anura,Ranidae,Rana,sierrae,,Rana sierrae,,Negative,,0,qPCR (Vredenburg Lab),Sam McNally,,_Coordinate error (m) 403.945344_Datum __,,,,,,
NorthAmerica,United States,"California_Mariposa County_Vogelsang Lake, Yosemite National Park",37.78762,-119.34099,3155,1951,8,30,1915,1910s,Museum,MVZ5989,MVZ5989,Anura,Ranidae,Rana,sierrae,,Rana sierrae,,Negative,,0,qPCR (Vredenburg Lab),Sam McNally,,_Coordinate error (m) 403.945344_Datum __,,,,,,
NorthAmerica,United States,"California_Mariposa County_Vogelsang Lake, Yosemite National Park",37.78762,-119.34099,3155,1951,8,30,1915,1910s,Museum,MVZ5991,MVZ5991,Anura,Ranidae,Rana,sierrae,,Rana sierrae,,Negative,,0,qPCR (Vredenburg Lab),Sam McNally,,_Coordinate error (m) 403.945344_Datum __,,,,,,
NorthAmerica,United States,"California_Mariposa County_Vogelsang Lake, Yosemite National Park",37.78762,-119.34099,3155,1952,8,30,1915,1910s,Museum,MVZ5994,MVZ5994,Anura,Ranidae,Rana,sierrae,,Rana sierrae,,Negative,,0,qPCR (Vredenburg Lab),Sam McNally,,_Coordinate error (m) 403.945344_Datum __,,,,,,
NorthAmerica,United States,"California_Mariposa County_Vogelsang Lake, Yosemite National Park",37.78762,-119.34099,3155,1952,8,30,1915,1910s,Museum,MVZ5997,MVZ5997,Anura,Ranidae,Rana,sierrae,,Rana sierrae,,Negative,,0,qPCR (Vredenburg Lab),Sam McNally,,_Coordinate error (m) 403.945344_Datum __,,,,,,
NorthAmerica,United States,"California_Mariposa County_Vogelsang Lake, Yosemite National Park",37.78762,-119.34099,3155,1952,8,30,1915,1910s,Museum,MVZ5999,MVZ5999,Anura,Ranidae,Rana,sierrae,,Rana sierrae,,Negative,,0,qPCR (Vredenburg Lab),Sam McNally,,_Coordinate error (m) 403.945344_Datum __,,,,,,
NorthAmerica,United States,"California_Mariposa County_Vogelsang Lake, Yosemite National Park",37.78762,-119.34099,3155,1952,8,30,1915,1910s,Museum,MVZ6001,MVZ6001,Anura,Ranidae,Rana,sierrae,,Rana sierrae,,Negative,,0,qPCR (Vredenburg Lab),Sam McNally,,_Coordinate error (m) 403.945344_Datum __,,,,,,
NorthAmerica,United States,"California_Mariposa County_Vogelsang Lake, Yosemite National Park",37.78762,-119.34099,3155,1952,8,30,1915,1910s,Museum,MVZ6008,MVZ6008,Anura,Ranidae,Rana,sierrae,,Rana sierrae,,Negative,,0,qPCR (Vredenburg Lab),Sam McNally,,_Coordinate error (m) 403.945344_Datum __,,,,,,
NorthAmerica,United States,"California_Mariposa County_Vogelsang Lake, Yosemite National Park",37.78762,-119.34099,3155,1952,8,30,1915,1910s,Museum,MVZ6014,MVZ6014,Anura,Ranidae,Rana,sierrae,,Rana sierrae,,Negative,,0,qPCR (Vredenburg Lab),Sam McNally,,_Coordinate error (m) 403.945344_Datum __,,,,,,
NorthAmerica,United States,"California_Mariposa County_Vogelsang Lake, Yosemite National Park",37.78762,-119.34099,3155,1952,8,29,1915,1910s,Museum,MVZ6015,MVZ6015,Anura,Ranidae,Rana,sierrae,,Rana sierrae,,Negative,,0,qPCR (Vredenburg Lab),Sam McNally,,_Coordinate error (m) 403.945344_Datum __,,,,,,
NorthAmerica,United States,"California_Mariposa County_Pond ca. 0.5 km NE of Townsley Lake, Yosemite National Park",37.79744,-119.32874,3232,1999,,,2004,2000s,Museum,MVZ245479,MVZ245479,Anura,Hylidae,Pseudacris,regilla,,Pseudacris regilla,,Negative,,0,qPCR (Vredenburg Lab),Sam McNally,,_Coordinate error (m) 31.569_Datum _MaNIS georeferencing guidelines_default GPS accuracy of 30 m,,,,,,
NorthAmerica,United States,"California_Mariposa County_Pond ca. 0.5 km NE of Townsley Lake, Yosemite National Park",37.79744,-119.32874,3232,1999,,,2004,2000s,Museum,MVZ245480,MVZ245480,Anura,Hylidae,Pseudacris,regilla,,Pseudacris regilla,,Negative,,0,qPCR (Vredenburg Lab),Sam McNally,,_Coordinate error (m) 31.569_Datum _MaNIS georeferencing guidelines_default GPS accuracy of 30 m,,,,,,
NorthAmerica,United States,"California_Mariposa County_near Porcupine Flat, Yosemite National Park",37.80526,-119.55632,2460,1942,7,2,1915,1910s,Museum,MVZ5775,MVZ5775,Anura,Ranidae,Rana,muscosa,,Rana muscosa,,Negative,,0,qPCR (Vredenburg Lab),Sam McNally,,_Coordinate error (m) 1610.953344_Datum __,,,,,,
NorthAmerica,United States,"California_Mariposa County_near Porcupine Flat, Yosemite National Park",37.80526,-119.55632,2460,1943,6,27,1915,1910s,Museum,MVZ5803,MVZ5803,Anura,Ranidae,Rana,sierrae,,Rana sierrae,,Negative,,0,qPCR (Vredenburg Lab),Sam McNally,,_Coordinate error (m) 1610.953344_Datum __,,,,,,
NorthAmerica,United States,"California_Mariposa County_near Porcupine Flat, Yosemite National Park",37.80526,-119.55632,2460,1943,7,1,1915,1910s,Museum,MVZ5804,MVZ5804,Anura,Ranidae,Rana,sierrae,,Rana sierrae,,Negative,,0,qPCR (Vredenburg Lab),Sam McNally,,_Coordinate error (m) 1610.953344_Datum __,,,,,,
NorthAmerica,United States,"California_Mariposa County_Porcupine Flat, Yosemite National Park",37.80634,-119.564302,2439,1990,,,1955,1950s,Museum,SM229,MVZ62910,Anura,Ranidae,Rana,sierrae,,Rana sierrae,,Negative,,0,qPCR (Vredenburg Lab),Sam McNally,,_Coordinate error (m) 609.6_Datum _not recorded_Error based on size of flat.,,,,,,
NorthAmerica,United States,"California_Tuolumne County_Evelyn Lake, Yosemite National Park",37.808237,-119.325511,3155,1943,9,6,1915,1910s,Museum,MVZ6027,MVZ6027,Anura,Ranidae,Rana,muscosa,,Rana muscosa,,Negative,,0,qPCR (Vredenburg Lab),Sam McNally,,_Coordinate error (m) 30_Datum __,,,,,,
NorthAmerica,United States,"California_Tuolumne County_Evelyn Lake, Yosemite National Park",37.808237,-119.325511,3155,1952,9,6,1915,1910s,Museum,MVZ6017,MVZ6017,Anura,Ranidae,Rana,sierrae,,Rana sierrae,,Negative,,0,qPCR (Vredenburg Lab),Sam McNally,,_Coordinate error (m) 30_Datum __,,,,,,
NorthAmerica,United States,"California_Tuolumne County_Evelyn Lake, Yosemite National Park",37.808237,-119.325511,3155,1952,9,6,1915,1910s,Museum,MVZ6018,MVZ6018,Anura,Ranidae,Rana,sierrae,,Rana sierrae,,Negative,,0,qPCR (Vredenburg Lab),Sam McNally,,_Coordinate error (m) 30_Datum __,,,,,,
NorthAmerica,United States,"California_Tuolumne County_Evelyn Lake, Yosemite National Park",37.808237,-119.325511,3155,1953,9,6,1915,1910s,Museum,MVZ6019,MVZ6019,Anura,Ranidae,Rana,sierrae,,Rana sierrae,,Negative,,0,qPCR (Vredenburg Lab),Sam McNally,,_Coordinate error (m) 30_Datum __,,,,,,
NorthAmerica,United States,"California_Tuolumne County_Evelyn Lake, Yosemite National Park",37.808237,-119.325511,3155,1953,9,6,1915,1910s,Museum,MVZ6020,MVZ6020,Anura,Ranidae,Rana,sierrae,,Rana sierrae,,Negative,,0,qPCR (Vredenburg Lab),Sam McNally,,_Coordinate error (m) 30_Datum __,,,,,,
NorthAmerica,United States,"California_Tuolumne County_Evelyn Lake, Yosemite National Park",37.808237,-119.325511,3155,1953,9,6,1915,1910s,Museum,MVZ6021,MVZ6021,Anura,Ranidae,Rana,sierrae,,Rana sierrae,,Negative,,0,qPCR (Vredenburg Lab),Sam McNally,,_Coordinate error (m) 30_Datum __,,,,,,
NorthAmerica,United States,"California_Tuolumne County_Evelyn Lake, Yosemite National Park",37.808237,-119.325511,3155,1953,9,6,1915,1910s,Museum,MVZ6022,MVZ6022,Anura,Ranidae,Rana,sierrae,,Rana sierrae,,Negative,,0,qPCR (Vredenburg Lab),Sam McNally,,_Coordinate error (m) 30_Datum __,,,,,,
NorthAmerica,United States,"California_Tuolumne County_Evelyn Lake, Yosemite National Park",37.808237,-119.325511,3155,1953,9,6,1915,1910s,Museum,MVZ6023,MVZ6023,Anura,Ranidae,Rana,sierrae,,Rana sierrae,,Negative,,0,qPCR (Vredenburg Lab),Sam McNally,,_Coordinate error (m) 30_Datum __,,,,,,
NorthAmerica,United States,"California_Tuolumne County_Evelyn Lake, Yosemite National Park",37.808237,-119.325511,3155,1953,9,6,1915,1910s,Museum,MVZ6024,MVZ6024,Anura,Ranidae,Rana,sierrae,,Rana sierrae,,Negative,,0,qPCR (Vredenburg Lab),Sam McNally,,_Coordinate error (m) 30_Datum __,,,,,,
NorthAmerica,United States,"California_Tuolumne County_Evelyn Lake, Yosemite National Park",37.808237,-119.325511,3155,1953,9,6,1915,1910s,Museum,MVZ6025,MVZ6025,Anura,Ranidae,Rana,sierrae,,Rana sierrae,,Negative,,0,qPCR (Vredenburg Lab),Sam McNally,,_Coordinate error (m) 30_Datum __,,,,,,
NorthAmerica,United States,"California_Tuolumne County_Evelyn Lake, Yosemite National Park",37.808237,-119.325511,3155,1953,9,6,1915,1910s,Museum,MVZ6026,MVZ6026,Anura,Ranidae,Rana,sierrae,,Rana sierrae,,Negative,,0,qPCR (Vredenburg Lab),Sam McNally,,_Coordinate error (m) 30_Datum __,,,,,,
NorthAmerica,United States,"California_Tuolumne County_unnamed lake, ca. 1 km E (by trail) of Evelyn Lake, Yosemite National Park",37.81059,-119.0991,3171,2004,,,2004,2000s,Museum,SM120,MVZ245551,Anura,Ranidae,Rana,sierrae,,Rana sierrae,,Positive,,7.0912,qPCR (Vredenburg Lab),Sam McNally,,took average of 2 positive qPCR's_ZE's 0.2624_13.92_Coordinate error (m) 11.569_Datum _MaNIS georeferencing guidelines_,,,,,,
NorthAmerica,United States,"California_Mariposa County_on May Lake Rd., 1 mi NE California Hwy. 120, Yosemite National Park",37.826995,-119.498853,2658.4,1939,,,1962,1960s,Museum,SM231,MVZ146344,Anura,Ranidae,Rana,sierrae,,Rana sierrae,,Negative,,0,qPCR (Vredenburg Lab),Sam McNally,,_Coordinate error (m) 30.48_Datum _not recorded_Error based on starting point.Estimated elevation using GPS Visualizer,,,,,,
NorthAmerica,United States,"California_Mariposa County_on May Lake Rd., 1 mi NE California Hwy. 120, Yosemite National Park",37.826995,-119.498853,2658.4,1943,,,1962,1960s,Museum,SM238,MVZ146343,Anura,Ranidae,Rana,sierrae,,Rana sierrae,,Negative,,0,qPCR (Vredenburg Lab),Sam McNally,,_Coordinate error (m) 30.48_Datum _not recorded_Error based on starting point.Estimated elevation using GPS Visualizer,,,,,,
NorthAmerica,United States,"California_Mariposa County_on May Lake Rd., 1 mi NE California Hwy. 120, Yosemite National Park",37.826995,-119.498853,2658.4,1943,,,1962,1960s,Museum,SM240,MVZ146345,Anura,Ranidae,Rana,sierrae,,Rana sierrae,,Negative,,0,qPCR (Vredenburg Lab),Sam McNally,,_Coordinate error (m) 30.48_Datum _not recorded_Error based on starting point.Estimated elevation using GPS Visualizer,,,,,,
NorthAmerica,United States,"California_Mariposa County_Tenaya Lake, Yosemite National Park",37.831812,-119.459452,2470,2001,,,1939,1930s,Museum,SM232,MVZ31978,Anura,Ranidae,Rana,sierrae,,Rana sierrae,,Negative,,0,qPCR (Vredenburg Lab),Sam McNally,,_Coordinate error (m) 3218.688_Datum _not recorded_Error 2 mi radius around lake.,,,,,,
NorthAmerica,United States,"California_Mariposa County_Tenaya Lake, Yosemite National Park",37.831812,-119.459452,2470,2001,,,1939,1930s,Museum,SM237,MVZ31979,Anura,Ranidae,Rana,sierrae,,Rana sierrae,,Negative,,0,qPCR (Vredenburg Lab),Sam McNally,,_Coordinate error (m) 3218.688_Datum _not recorded_Error 2 mi radius around lake.,,,,,,
NorthAmerica,United States,"California_Tuolumne County_Elizabeth Lake, Yosemite National Park",37.844024,-119.367162,2921,1974,,,1974,1970s,Museum,SM078,MVZ136199,Anura,Ranidae,Rana,sierrae,,Rana sierrae,,Low Positive,1.87E-03,0.15,qPCR (Vredenburg Lab),Sam McNally,,1 of 2 qPCR's positive_Coordinate error (m) 30_Datum _not recorded_,,,,,,
NorthAmerica,United States,"California_Tuolumne County_Elizabeth Lake, Yosemite National Park",37.844024,-119.367162,2921,1974,,,1974,1970s,Museum,SM113,MVZ136196,Anura,Ranidae,Rana,sierrae,,Rana sierrae,,Positive,1.02E-01,8.16,qPCR (Vredenburg Lab),Sam McNally,,1 of 2 qPCR's positive_Coordinate error (m) 30_Datum _not recorded_,,,,,,
NorthAmerica,United States,"California_Tuolumne County_Elizabeth Lake, Tuolumne Meadow, Yosemite National Park",37.844024,-119.367162,2896,1999,8,24,1939,1930s,Museum,MVZ31976,MVZ31976,Anura,Ranidae,Rana,muscosa,,Rana muscosa,,Negative,,0,qPCR (Vredenburg Lab),Sam McNally,,_Coordinate error (m) 30_Datum __,,,,,,
NorthAmerica,United States,"California_Tuolumne County_Elizabeth Lake, Tuolumne Meadow, Yosemite National Park",37.844024,-119.367162,2896,1997,8,24,1939,1930s,Museum,MVZ31960,MVZ31960,Anura,Ranidae,Rana,sierrae,,Rana sierrae,,Negative,,0,qPCR (Vredenburg Lab),Sam McNally,,_Coordinate error (m) 30_Datum __,,,,,,
NorthAmerica,United States,"California_Tuolumne County_Elizabeth Lake, Tuolumne Meadow, Yosemite National Park",37.844024,-119.367162,2896,1997,8,24,1939,1930s,Museum,MVZ31961,MVZ31961,Anura,Ranidae,Rana,sierrae,,Rana sierrae,,Negative,,0,qPCR (Vredenburg Lab),Sam McNally,,_Coordinate error (m) 30_Datum __,,,,,,
NorthAmerica,United States,"California_Tuolumne County_Elizabeth Lake, Tuolumne Meadow, Yosemite National Park",37.844024,-119.367162,2896,1999,8,24,1939,1930s,Museum,MVZ31962,MVZ31962,Anura,Ranidae,Rana,sierrae,,Rana sierrae,,Negative,,0,qPCR (Vredenburg Lab),Sam McNally,,_Coordinate error (m) 30_Datum __,,,,,,
NorthAmerica,United States,"California_Tuolumne County_Elizabeth Lake, Tuolumne Meadow, Yosemite National Park",37.844024,-119.367162,2896,1999,8,24,1939,1930s,Museum,MVZ31963,MVZ31963,Anura,Ranidae,Rana,sierrae,,Rana sierrae,,Negative,,0,qPCR (Vredenburg Lab),Sam McNally,,_Coordinate error (m) 30_Datum __,,,,,,
NorthAmerica,United States,"California_Tuolumne County_Elizabeth Lake, Tuolumne Meadow, Yosemite National Park",37.844024,-119.367162,2896,1999,8,24,1939,1930s,Museum,MVZ31964,MVZ31964,Anura,Ranidae,Rana,sierrae,,Rana sierrae,,Negative,,0,qPCR (Vredenburg Lab),Sam McNally,,_Coordinate error (m) 30_Datum __,,,,,,
NorthAmerica,United States,"California_Tuolumne County_Elizabeth Lake, Tuolumne Meadow, Yosemite National Park",37.844024,-119.367162,2896,2000,8,24,1939,1930s,Museum,MVZ31965,MVZ31965,Anura,Ranidae,Rana,sierrae,,Rana sierrae,,Negative,,0,qPCR (Vredenburg Lab),Sam McNally,,_Coordinate error (m) 30_Datum __,,,,,,
NorthAmerica,United States,"California_Tuolumne County_Elizabeth Lake, Tuolumne Meadow, Yosemite National Park",37.844024,-119.367162,2896,2000,8,24,1939,1930s,Museum,MVZ31966,MVZ31966,Anura,Ranidae,Rana,sierrae,,Rana sierrae,,Negative,,0,qPCR (Vredenburg Lab),Sam McNally,,_Coordinate error (m) 30_Datum __,,,,,,
NorthAmerica,United States,"California_Tuolumne County_Elizabeth Lake, Tuolumne Meadow, Yosemite National Park",37.844024,-119.367162,2896,2000,8,24,1939,1930s,Museum,MVZ31967,MVZ31967,Anura,Ranidae,Rana,sierrae,,Rana sierrae,,Negative,,0,qPCR (Vredenburg Lab),Sam McNally,,_Coordinate error (m) 30_Datum __,,,,,,
NorthAmerica,United States,"California_Tuolumne County_Elizabeth Lake, Tuolumne Meadow, Yosemite National Park",37.844024,-119.367162,2896,2000,8,24,1939,1930s,Museum,MVZ31968,MVZ31968,Anura,Ranidae,Rana,sierrae,,Rana sierrae,,Negative,,0,qPCR (Vredenburg Lab),Sam McNally,,_Coordinate error (m) 30_Datum __,,,,,,
NorthAmerica,United States,"California_Tuolumne County_Elizabeth Lake, Tuolumne Meadow, Yosemite National Park",37.844024,-119.367162,2896,2000,8,24,1939,1930s,Museum,MVZ31969,MVZ31969,Anura,Ranidae,Rana,sierrae,,Rana sierrae,,Negative,,0,qPCR (Vredenburg Lab),Sam McNally,,_Coordinate error (m) 30_Datum __,,,,,,
NorthAmerica,United States,"California_Tuolumne County_Elizabeth Lake, Tuolumne Meadow, Yosemite National Park",37.844024,-119.367162,2896,2000,8,24,1939,1930s,Museum,MVZ31970,MVZ31970,Anura,Ranidae,Rana,sierrae,,Rana sierrae,,Negative,,0,qPCR (Vredenburg Lab),Sam McNally,,_Coordinate error (m) 30_Datum __,,,,,,
NorthAmerica,United States,"California_Tuolumne County_Elizabeth Lake, Tuolumne Meadow, Yosemite National Park",37.844024,-119.367162,2896,2002,8,24,1939,1930s,Museum,MVZ31972A,MVZ31972,Anura,Ranidae,Rana,sierrae,,Rana sierrae,,Negative,,0,qPCR (Vredenburg Lab),Sam McNally,,_Coordinate error (m) 30_Datum __,,,,,,
NorthAmerica,United States,"California_Tuolumne County_Elizabeth Lake, Tuolumne Meadow, Yosemite National Park",37.844024,-119.367162,2896,2000,8,24,1939,1930s,Museum,MVZ31973,MVZ31973,Anura,Ranidae,Rana,sierrae,,Rana sierrae,,Negative,,0,qPCR (Vredenburg Lab),Sam McNally,,_Coordinate error (m) 30_Datum __,,,,,,
NorthAmerica,United States,"California_Tuolumne County_Elizabeth Lake, Tuolumne Meadow, Yosemite National Park",37.844024,-119.367162,2896,2000,8,24,1939,1930s,Museum,MVZ31974,MVZ31974,Anura,Ranidae,Rana,sierrae,,Rana sierrae,,Negative,,0,qPCR (Vredenburg Lab),Sam McNally,,_Coordinate error (m) 30_Datum __,,,,,,
NorthAmerica,United States,"California_Tuolumne County_Elizabeth Lake, Tuolumne Meadow, Yosemite National Park",37.844024,-119.367162,2896,2000,8,24,1939,1930s,Museum,MVZ31975,MVZ31975,Anura,Ranidae,Rana,sierrae,,Rana sierrae,,Negative,,0,qPCR (Vredenburg Lab),Sam McNally,,_Coordinate error (m) 30_Datum __,,,,,,
NorthAmerica,United States,"California_Tuolumne County_Elizabeth Lake, Yosemite National Park",37.844024,-119.367162,2921,1939,,,1974,1970s,Museum,SM065,MVZ136198,Anura,Ranidae,Rana,sierrae,,Rana sierrae,,Negative,,0,qPCR (Vredenburg Lab),Sam McNally,,_Coordinate error (m) 30_Datum _not recorded_,,,,,,
NorthAmerica,United States,"California_Tuolumne County_Elizabeth Lake, Yosemite National Park",37.844024,-119.367162,2921,1951,,,1974,1970s,Museum,SM066,MVZ136200,Anura,Ranidae,Rana,sierrae,,Rana sierrae,,Negative,,0,qPCR (Vredenburg Lab),Sam McNally,,_Coordinate error (m) 30_Datum _not recorded_,,,,,,
NorthAmerica,United States,"California_Tuolumne County_Elizabeth Lake, Yosemite National Park",37.844024,-119.367162,2921,1905,,,1974,1970s,Museum,SM072,MVZ136192,Anura,Ranidae,Rana,sierrae,,Rana sierrae,,Negative,,0,qPCR (Vredenburg Lab),Sam McNally,,_Coordinate error (m) 30_Datum _not recorded_,,,,,,
NorthAmerica,United States,"California_Tuolumne County_Elizabeth Lake, Yosemite National Park",37.844024,-119.367162,2921,1939,,,1974,1970s,Museum,SM091,MVZ136201,Anura,Ranidae,Rana,sierrae,,Rana sierrae,,Negative,,0,qPCR (Vredenburg Lab),Sam McNally,,_Coordinate error (m) 30_Datum _not recorded_,,,,,,
NorthAmerica,United States,"California_Tuolumne County_Elizabeth Lake, Yosemite National Park",37.844024,-119.367162,2921,1951,,,1974,1970s,Museum,SM095,MVZ136193,Anura,Ranidae,Rana,sierrae,,Rana sierrae,,Negative,,0,qPCR (Vredenburg Lab),Sam McNally,,_Coordinate error (m) 30_Datum _not recorded_,,,,,,
NorthAmerica,United States,"California_Tuolumne County_Elizabeth Lake, Yosemite National Park",37.844024,-119.367162,2921,1951,,,1974,1970s,Museum,SM097,MVZ136194,Anura,Ranidae,Rana,sierrae,,Rana sierrae,,Negative,,0,qPCR (Vredenburg Lab),Sam McNally,,_Coordinate error (m) 30_Datum _not recorded_,,,,,,
NorthAmerica,United States,"California_Tuolumne County_Siesta Lake, Yosemite National Park",37.851102,-119.658613,2440,1939,,,1962,1960s,Museum,SM062,MVZ146339,Anura,Ranidae,Rana,sierrae,,Rana sierrae,,Negative,,0,qPCR (Vredenburg Lab),Sam McNally,,_Coordinate error (m) 106.68_Datum _not recorded_Estimated elevation using GPS Visualizer,,,,,,
NorthAmerica,United States,"California_Tuolumne County_Siesta Lake, Yosemite National Park",37.851102,-119.658613,2440,1939,,,1962,1960s,Museum,SM071,MVZ146341,Anura,Ranidae,Rana,sierrae,,Rana sierrae,,Negative,,0,qPCR (Vredenburg Lab),Sam McNally,,_Coordinate error (m) 106.68_Datum _not recorded_Estimated elevation using GPS Visualizer,,,,,,
NorthAmerica,United States,"California_Tuolumne County_Siesta Lake, Yosemite National Park",37.851102,-119.658613,2440,1939,,,1962,1960s,Museum,SM107,MVZ146340,Anura,Ranidae,Rana,sierrae,,Rana sierrae,,Negative,,0,qPCR (Vredenburg Lab),Sam McNally,,_Coordinate error (m) 106.68_Datum _not recorded_Estimated elevation using GPS Visualizer,,,,,,
NorthAmerica,United States,"California_Tuolumne County_Siesta Lake, Yosemite National Park",37.851102,-119.658613,2418,1972,,,1972,1970s,Museum,SM070,MVZ136154,Anura,Ranidae,Rana,sierrae,,Rana sierrae,,Positive,3.13E-02,2.50,qPCR (Vredenburg Lab),Sam McNally,,1 of 2 qPCR's positive_Coordinate error (m) 106.68_Datum _not recorded_,,,,,,
NorthAmerica,United States,"California_Tuolumne County_Siesta Lake, Yosemite National Park",37.851102,-119.658613,2439,1972,,,1972,1970s,Museum,SM074,MVZ136155,Anura,Ranidae,Rana,sierrae,,Rana sierrae,,Positive,2.09E-02,1.67,qPCR (Vredenburg Lab),Sam McNally,,1 of 2 qPCR's positive_Coordinate error (m) 106.68_Datum _not recorded_,,,,,,
NorthAmerica,United States,"California_Tuolumne County_Siesta Lake, Yosemite National Park",37.851102,-119.658613,2418,1974,,,1972,1970s,Museum,SM080,MVZ136153,Anura,Ranidae,Rana,sierrae,,Rana sierrae,,Negative,,0,qPCR (Vredenburg Lab),Sam McNally,,_Coordinate error (m) 106.68_Datum _not recorded_,,,,,,
NorthAmerica,United States,"California_Tuolumne County_Lukens Lake, Yosemite National Park",37.860688,-119.614559,2521,1975,,,1975,1970s,Museum,SM085,MVZ136228,Anura,Ranidae,Rana,sierrae,,Rana sierrae,,Positive,,24.016,qPCR (Vredenburg Lab),Sam McNally,,took average of 2 positive qPCR's_ZE's 4.432_43.6_Coordinate error (m) 198.12_Datum _not recorded_Estimated elevation using GPS Visualizer,,,,,,
NorthAmerica,United States,"California_Tuolumne County_Lukens Lake, Yosemite National Park",37.860688,-119.614559,2521,1975,,,1975,1970s,Museum,SM115,MVZ136229,Anura,Ranidae,Rana,sierrae,,Rana sierrae,,Positive,,67.08,qPCR (Vredenburg Lab),Sam McNally,,took average of 2 positive qPCR's_ZE's 15.76_118.4_Coordinate error (m) 198.12_Datum _not recorded_Estimated elevation using GPS Visualizer,,,,,,
NorthAmerica,United States,"California_Tuolumne County_creek at fork of trail to Lukens Lake/Ten Lakes, Yosemite National Park",37.86539,-119.620339,2442.2,1975,,,1975,1970s,Museum,SM104,MVZ136230,Anura,Ranidae,Rana,sierrae,,Rana sierrae,,Positive,,15.2,qPCR (Vredenburg Lab),Sam McNally,,took average of 2 positive qPCR's_ZE's 8.08_22.32_Coordinate error (m) 30_Datum _not recorded_Estimated elevation using GPS Visualizer,,,,,,
NorthAmerica,United States,"California_Tuolumne County_Tuolumne Meadows, Yosemite National Park",37.875501,-119.354783,2591,1974,,,1972,1970s,Museum,SM106,MVZ136150,Anura,Ranidae,Rana,sierrae,,Rana sierrae,,Negative,,0,qPCR (Vredenburg Lab),Sam McNally,,_Coordinate error (m) 30_Datum _not recorded_Marker near Tuolumne Meadows campground.,,,,,,
NorthAmerica,United States,"California_Tuolumne County_Tuolumne Meadows, Yosemite National Park",37.87941,-119.39498,2632.2,1952,7,11,1915,1910s,Museum,MVZ5801,MVZ5801,Anura,Ranidae,Rana,sierrae,,Rana sierrae,,Negative,,0,qPCR (Vredenburg Lab),Sam McNally,,_Coordinate error (m) 645.346944_Datum __Estimated elevation using GPS Visualizer,,,,,,
NorthAmerica,United States,"California_Tuolumne County_Dana Fork Tuolumne River, Yosemite National Park",37.880091,-119.311172,2774,1972,,,1972,1970s,Museum,SM099,MVZ136151,Anura,Ranidae,Rana,sierrae,,Rana sierrae,,Low Positive,1.14E-03,0.09,qPCR (Vredenburg Lab),Sam McNally,,1 of 2 qPCR's positive_Coordinate error (m) 30_Datum _not recorded_Marker based on elevation.,,,,,,
NorthAmerica,United States,"California_Tuolumne County_Dana Fork Tuolumne River, Yosemite National Park",37.880091,-119.311172,2774,1972,,,1972,1970s,Museum,SM110,MVZ136152,Anura,Ranidae,Rana,sierrae,,Rana sierrae,,Low Positive,4.39E-03,0.35,qPCR (Vredenburg Lab),Sam McNally,,1 of 2 qPCR's positive_Coordinate error (m) 30_Datum _not recorded_Marker based on elevation.,,,,,,
NorthAmerica,United States,"California_Tuolumne County_Erratic Dome, 1.5 mi NNW Tuolumne Meadows Campground, Yosemite National Park",37.882895,-119.365065,2622,1960,,,1954,1950s,Museum,MVZ62876,MVZ62876,Anura,Ranidae,Rana,sierrae,,Rana sierrae,,Negative,,0,qPCR (Vredenburg Lab),Sam McNally,,_Coordinate error (m) 804.672_Datum _not recorded_Marker on trail near presumed location.,,,,,,
NorthAmerica,United States,"California_Tuolumne County_Dog Lake, ca. 1.5 mi from Lembert Dome parking lot in Tuolumne Meadows, Yosemite National Park",37.890017,-119.338553,2817,1951,,,1974,1970s,Museum,SM069,MVZ136227,Anura,Ranidae,Rana,sierrae,,Rana sierrae,,Negative,,0,qPCR (Vredenburg Lab),Sam McNally,,_Coordinate error (m) 30_Datum _not recorded_Measured along trail.,,,,,,
NorthAmerica,United States,"California_Tuolumne County_Dog Lake, ca. 1.5 mi from Lembert Dome parking lot in Tuolumne Meadows, Yosemite National Park",37.890017,-119.338553,2817,1910,,,1974,1970s,Museum,SM075,MVZ136207,Anura,Ranidae,Rana,sierrae,,Rana sierrae,,Negative,,0,qPCR (Vredenburg Lab),Sam McNally,,_Coordinate error (m) 30_Datum _not recorded_Measured along trail.,,,,,,
NorthAmerica,United States,"California_Tuolumne County_Dog Lake, ca. 1.5 mi from Lembert Dome parking lot in Tuolumne Meadows, Yosemite National Park",37.890017,-119.338553,2817,1923,,,1974,1970s,Museum,SM090,MVZ136206,Anura,Ranidae,Rana,sierrae,,Rana sierrae,,Negative,,0,qPCR (Vredenburg Lab),Sam McNally,,_Coordinate error (m) 30_Datum _not recorded_Measured along trail.,,,,,,
NorthAmerica,United States,"California_Tuolumne County_Dog Lake, ca. 1.5 mi from Lembert Dome parking lot in Tuolumne Meadows, Yosemite National Park",37.890017,-119.338553,2817,1939,,,1974,1970s,Museum,SM094,MVZ136202,Anura,Ranidae,Rana,sierrae,,Rana sierrae,,Negative,,0,qPCR (Vredenburg Lab),Sam McNally,,_Coordinate error (m) 30_Datum _not recorded_Measured along trail.,,,,,,
NorthAmerica,United States,"California_Tuolumne County_Dog Lake, ca. 1.5 mi from Lembert Dome parking lot in Tuolumne Meadows, Yosemite National Park",37.890017,-119.338553,2817,1951,,,1974,1970s,Museum,SM111,MVZ136210,Anura,Ranidae,Rana,sierrae,,Rana sierrae,,Negative,,0,qPCR (Vredenburg Lab),Sam McNally,,_Coordinate error (m) 30_Datum _not recorded_Measured along trail.,,,,,,
NorthAmerica,United States,"California_Tuolumne County_Dog Lake, ca. 1.5 mi from Lembert Dome parking lot in Tuolumne Meadows, Yosemite National Park",37.890017,-119.338553,2817,1951,,,1974,1970s,Museum,SM123,MVZ136209,Anura,Ranidae,Rana,sierrae,,Rana sierrae,,Negative,,0,qPCR (Vredenburg Lab),Sam McNally,,_Coordinate error (m) 30_Datum _not recorded_Measured along trail.,,,,,,
NorthAmerica,United States,"California_Tuolumne County_Dog Lake, ca. 1.5 mi from Lembert Dome parking lot in Tuolumne Meadows, Yosemite National Park",37.890017,-119.338553,2817,1974,,,1974,1970s,Museum,SM088,MVZ136203,Anura,Ranidae,Rana,sierrae,,Rana sierrae,,Positive,,5.222,qPCR (Vredenburg Lab),Sam McNally,,took average of 2 positive qPCR's_ZE's 0.524_9.92_Coordinate error (m) 30_Datum _not recorded_Measured along trail.,,,,,,
NorthAmerica,United States,California_Tuolumne County_California: Tuolumne Co: 1 1/4 mi. SSE. of Tioga Pass Ranger Sta. (E. entrance to Yosemite Nat'l. Park)  (Alt: 9600 ft),37.893011111111,-119.25915277778,2927,1953,,,1964,1960s,Museum,CAS101005,CAS101005,Anura,Hylidae,Pseudacris,regilla,,Pseudacris regilla,,Negative,,0,qPCR (Vredenburg Lab),Sam McNally,,_Coordinate error (m) _Datum __,,,,,,
NorthAmerica,United States,California_Tuolumne County_California: Tuolumne Co: 1 1/4 mi. SSE. of Tioga Pass Ranger Sta. (E. entrance to Yosemite Nat'l. Park)  (Alt: 9600 ft),37.893011111111,-119.25915277778,2927,1962,,,1964,1960s,Museum,CAS101006,CAS101006,Anura,Hylidae,Pseudacris,regilla,,Pseudacris regilla,,Negative,,0,qPCR (Vredenburg Lab),Sam McNally,,_Coordinate error (m) _Datum __,,,,,,
NorthAmerica,United States,"California_Tuolumne County_Hetch Hetchy Rd., Yosemite National Park",37.90281,-119.81408,1463,2005,,,2005,2000s,Museum,MVZ250013,MVZ250013,Anura,Hylidae,Pseudacris,regilla,,Pseudacris regilla,,Positive,,12.4,qPCR (Vredenburg Lab),Sam McNally,,took average of 2 positive qPCR's_ZE's 13.6_11.2_Coordinate error (m) _Datum _not recorded_GPS accuracy not recorded,,,,,,
NorthAmerica,United States,"California_Tuolumne County_Cathedral Creek, Yosemite National Park",37.90317,-119.44083,2387.2,1972,,,1972,1970s,Museum,SM082,MVZ136157,Anura,Ranidae,Rana,sierrae,,Rana sierrae,,Positive,5.73E-02,4.58,qPCR (Vredenburg Lab),Sam McNally,,1 of 2 qPCR's positive_Coordinate error (m) 6152.32_Datum _MaNIS georeferencing guidelines_point is midpoint of creek's lengthEstimated elevation using GPS Visualizer,,,,,,
NorthAmerica,United States,"California_Tuolumne County_Cathedral Creek, Yosemite National Park",37.90317,-119.44083,2387.2,1972,,,1972,1970s,Museum,SM063,MVZ136156,Anura,Ranidae,Rana,sierrae,,Rana sierrae,,Positive,,1.7756,qPCR (Vredenburg Lab),Sam McNally,,took average of 2 positive qPCR's_ZE's 0.5672_2.984_Coordinate error (m) 6152.32_Datum _MaNIS georeferencing guidelines_point is midpoint of creek's lengthEstimated elevation using GPS Visualizer,,,,,,
NorthAmerica,United States,"California_Tuolumne County_SW corner of McGee Lake on rocky hillside, ca. 1 km SW of Glen Aulin, Yosemite National Park",37.90319,-119.43123,2488,1993,,,2003,2000s,Museum,MVZ240812,MVZ240812,Anura,Hylidae,Pseudacris,regilla,,Pseudacris regilla,,Negative,,0,qPCR (Vredenburg Lab),Sam McNally,,_Coordinate error (m) 7.969_Datum _MaNIS georeferencing guidelines_,,,,,,
NorthAmerica,United States,"California_Tuolumne County_1.8 mi E of park entrance along Hetch Hetchy Rd., Hetch Hetchy Area, Yosemite National Park",37.90399,-119.82941,1523,1983,,,2003,2000s,Museum,MVZ240791,MVZ240791,Anura,Hylidae,Pseudacris,regilla,,Pseudacris regilla,,Negative,,0,qPCR (Vredenburg Lab),Sam McNally,,_Coordinate error (m) 9.569_Datum _MaNIS georeferencing guidelines_,,,,,,
NorthAmerica,United States,"California_Tuolumne County_Tioga Pass, Yosemite National Park",37.90942,-119.25716,3034,1998,8,24,1939,1930s,Museum,MVZ31955,MVZ31955,Anura,Ranidae,Rana,sierrae,,Rana sierrae,,Negative,,0,qPCR (Vredenburg Lab),Sam McNally,,_Coordinate error (m) 1013.61_Datum __,,,,,,
NorthAmerica,United States,"California_Tuolumne County_Tioga Pass, Yosemite National Park",37.90942,-119.25716,3034,1998,8,24,1939,1930s,Museum,MVZ31956,MVZ31956,Anura,Ranidae,Rana,sierrae,,Rana sierrae,,Negative,,0,qPCR (Vredenburg Lab),Sam McNally,,_Coordinate error (m) 1013.61_Datum __,,,,,,
NorthAmerica,United States,"California_Tuolumne County_Tioga Pass, Yosemite National Park",37.90942,-119.25716,3034,1998,8,24,1939,1930s,Museum,MVZ31957,MVZ31957,Anura,Ranidae,Rana,sierrae,,Rana sierrae,,Negative,,0,qPCR (Vredenburg Lab),Sam McNally,,_Coordinate error (m) 1013.61_Datum __,,,,,,
NorthAmerica,United States,"California_Tuolumne County_Tioga Pass, Yosemite National Park",37.90942,-119.25716,3034,1998,8,24,1939,1930s,Museum,MVZ31958,MVZ31958,Anura,Ranidae,Rana,sierrae,,Rana sierrae,,Negative,,0,qPCR (Vredenburg Lab),Sam McNally,,_Coordinate error (m) 1013.61_Datum __,,,,,,
NorthAmerica,United States,"California_Mono County_Yosemite National Park, Tioga Pass",37.91032791,-119.2578812,3018,1943,,,1962,1960s,Museum,PSM9559,PSMHerp-09559,Anura,Ranidae,Rana,muscosa,,Rana muscosa,,Negative,,0,qPCR (Vredenburg Lab),Sam McNally,,_Coordinate error (m) 4012.8_Datum _Terrain Navigator 5.03 USGS 1:24000_,,,,,,
NorthAmerica,United States,"California_Mono County_Yosemite National Park, Tioga Pass",37.91032791,-119.2578812,3018,1943,,,1962,1960s,Museum,PSM9560,PSMHerp-09560,Anura,Ranidae,Rana,muscosa,,Rana muscosa,,Negative,,0,qPCR (Vredenburg Lab),Sam McNally,,_Coordinate error (m) 4012.8_Datum _Terrain Navigator 5.03 USGS 1:24000_,,,,,,
NorthAmerica,United States,"California_Mono County_Yosemite National Park, Tioga Pass",37.91032791,-119.2578812,3018,1943,,,1962,1960s,Museum,PSM9561,PSMHerp-09561,Anura,Ranidae,Rana,muscosa,,Rana muscosa,,Negative,,0,qPCR (Vredenburg Lab),Sam McNally,,_Coordinate error (m) 4012.8_Datum _Terrain Navigator 5.03 USGS 1:24000_,,,,,,
NorthAmerica,United States,"California_Mono County_Yosemite National Park, Tioga Pass",37.91032791,-119.2578812,3018,2000,,,1962,1960s,Museum,PSM9562,PSMHerp-09562,Anura,Ranidae,Rana,muscosa,,Rana muscosa,,Negative,,0,qPCR (Vredenburg Lab),Sam McNally,,_Coordinate error (m) 4012.8_Datum _Terrain Navigator 5.03 USGS 1:24000_,,,,,,
NorthAmerica,United States,"California_Mono County_Yosemite National Park, Tioga Pass",37.91032791,-119.2578812,3018,2000,,,1962,1960s,Museum,PSM9563,PSMHerp-09563,Anura,Ranidae,Rana,muscosa,,Rana muscosa,,Negative,,0,qPCR (Vredenburg Lab),Sam McNally,,_Coordinate error (m) 4012.8_Datum _Terrain Navigator 5.03 USGS 1:24000_,,,,,,
NorthAmerica,United States,"California_Mono County_Yosemite National Park, Tioga Pass",37.91032791,-119.2578812,3018,1952,,,1962,1960s,Museum,PSM9564,PSMHerp-09564,Anura,Ranidae,Rana,muscosa,,Rana muscosa,,Negative,,0,qPCR (Vredenburg Lab),Sam McNally,,_Coordinate error (m) 4012.8_Datum _Terrain Navigator 5.03 USGS 1:24000_,,,,,,
NorthAmerica,United States,"California_Mono County_Yosemite National Park, Tioga Pass",37.91032791,-119.2578812,3018,1952,,,1962,1960s,Museum,PSM9565,PSMHerp-09565,Anura,Ranidae,Rana,muscosa,,Rana muscosa,,Negative,,0,qPCR (Vredenburg Lab),Sam McNally,,_Coordinate error (m) 4012.8_Datum _Terrain Navigator 5.03 USGS 1:24000_,,,,,,
NorthAmerica,United States,"California_Mono County_Yosemite National Park, Tioga Pass",37.91032791,-119.2578812,3018,1952,,,1962,1960s,Museum,PSM9566,PSMHerp-09566,Anura,Ranidae,Rana,muscosa,,Rana muscosa,,Negative,,0,qPCR (Vredenburg Lab),Sam McNally,,_Coordinate error (m) 4012.8_Datum _Terrain Navigator 5.03 USGS 1:24000_,,,,,,
NorthAmerica,United States,"California_Mono County_Yosemite National Park, Tioga Pass",37.91032791,-119.2578812,3018,1952,,,1962,1960s,Museum,PSM9567,PSMHerp-09567,Anura,Ranidae,Rana,muscosa,,Rana muscosa,,Negative,,0,qPCR (Vredenburg Lab),Sam McNally,,_Coordinate error (m) 4012.8_Datum _Terrain Navigator 5.03 USGS 1:24000_,,,,,,
NorthAmerica,United States,"California_Mono County_Yosemite National Park, Tioga Pass",37.91032791,-119.2578812,3018,1952,,,1962,1960s,Museum,PSM9568,PSMHerp-09568,Anura,Ranidae,Rana,muscosa,,Rana muscosa,,Negative,,0,qPCR (Vredenburg Lab),Sam McNally,,_Coordinate error (m) 4012.8_Datum _Terrain Navigator 5.03 USGS 1:24000_,,,,,,
NorthAmerica,United States,"California_Mono County_Yosemite National Park, Tioga Pass",37.91032791,-119.2578812,3018,1952,,,1962,1960s,Museum,PSM9569,PSMHerp-09569,Anura,Ranidae,Rana,muscosa,,Rana muscosa,,Negative,,0,qPCR (Vredenburg Lab),Sam McNally,,_Coordinate error (m) 4012.8_Datum _Terrain Navigator 5.03 USGS 1:24000_,,,,,,
NorthAmerica,United States,"California_Mono County_Yosemite National Park, Tioga Pass",37.91032791,-119.2578812,3018,1952,,,1962,1960s,Museum,PSM9570,PSMHerp-09570,Anura,Ranidae,Rana,muscosa,,Rana muscosa,,Negative,,0,qPCR (Vredenburg Lab),Sam McNally,,_Coordinate error (m) 4012.8_Datum _Terrain Navigator 5.03 USGS 1:24000_,,,,,,
NorthAmerica,United States,"California_Mono County_Yosemite National Park, Tioga Pass",37.91032791,-119.2578812,3018,1952,,,1962,1960s,Museum,PSM9571,PSMHerp-09571,Anura,Ranidae,Rana,muscosa,,Rana muscosa,,Negative,,0,qPCR (Vredenburg Lab),Sam McNally,,_Coordinate error (m) 4012.8_Datum _Terrain Navigator 5.03 USGS 1:24000_,,,,,,
NorthAmerica,United States,"California_Mono County_Yosemite National Park, Tioga Pass",37.91032791,-119.2578812,3018,1952,,,1962,1960s,Museum,PSM9572,PSMHerp-09572,Anura,Ranidae,Rana,muscosa,,Rana muscosa,,Negative,,0,qPCR (Vredenburg Lab),Sam McNally,,_Coordinate error (m) 4012.8_Datum _Terrain Navigator 5.03 USGS 1:24000_,,,,,,
NorthAmerica,United States,"California_Mono County_Yosemite National Park, Tioga Pass",37.91032791,-119.2578812,3018,1952,,,1962,1960s,Museum,PSM9573,PSMHerp-09573,Anura,Ranidae,Rana,muscosa,,Rana muscosa,,Negative,,0,qPCR (Vredenburg Lab),Sam McNally,,_Coordinate error (m) 4012.8_Datum _Terrain Navigator 5.03 USGS 1:24000_,,,,,,
NorthAmerica,United States,"California_Mono County_Yosemite National Park, Tioga Pass",37.91032791,-119.2578812,3018,1953,,,1962,1960s,Museum,PSM9574,PSMHerp-09574,Anura,Ranidae,Rana,muscosa,,Rana muscosa,,Negative,,0,qPCR (Vredenburg Lab),Sam McNally,,_Coordinate error (m) 4012.8_Datum _Terrain Navigator 5.03 USGS 1:24000_,,,,,,
NorthAmerica,United States,"California_Mono County_Yosemite National Park, Tioga Pass",37.91032791,-119.2578812,3018,1953,,,1962,1960s,Museum,PSM9575,PSMHerp-09575,Anura,Ranidae,Rana,muscosa,,Rana muscosa,,Negative,,0,qPCR (Vredenburg Lab),Sam McNally,,_Coordinate error (m) 4012.8_Datum _Terrain Navigator 5.03 USGS 1:24000_,,,,,,
NorthAmerica,United States,"California_Mono County_Yosemite National Park, Tioga Pass",37.91032791,-119.2578812,3018,1953,,,1962,1960s,Museum,PSM9576,PSMHerp-09576,Anura,Ranidae,Rana,muscosa,,Rana muscosa,,Negative,,0,qPCR (Vredenburg Lab),Sam McNally,,_Coordinate error (m) 4012.8_Datum _Terrain Navigator 5.03 USGS 1:24000_,,,,,,
NorthAmerica,United States,"California_Tuolumne County_100 yds E Tioga Pass Ranger Station, Yosemite National Park",37.91058,-119.256,3025.9,1960,,,1954,1950s,Museum,MVZ62875,MVZ62875,Anura,Ranidae,Rana,sierrae,,Rana sierrae,,Negative,,0,qPCR (Vredenburg Lab),Sam McNally,,_Coordinate error (m) 155.228544_Datum _MaNIS georeferencing guidelines_point placed slightly S of E so as to remain in Tuolumne Co.Estimated elevation using GPS Visualizer,,,,,,
NorthAmerica,United States,"California_Tuolumne County_0.75 mi E of Hetch Hetchy Reservoir, Yosemite National Park",37.91679,-119.64716,1190,2003,,,2004,2000s,Museum,MVZ245487,MVZ245487,Anura,Hylidae,Pseudacris,regilla,,Pseudacris regilla,,Negative,,0,qPCR (Vredenburg Lab),Sam McNally,,_Coordinate error (m) 6.569_Datum _MaNIS georeferencing guidelines_,,,,,,
NorthAmerica,United States,"California_Tuolumne County_E side of Hetch Hetchy Reservoir, Yosemite National Park",37.91699,-119.6616,1198,2003,,,2004,2000s,Museum,MVZ245489,MVZ245489,Anura,Hylidae,Pseudacris,regilla,,Pseudacris regilla,,Negative,,0,qPCR (Vredenburg Lab),Sam McNally,,_Coordinate error (m) 11.569_Datum _MaNIS georeferencing guidelines_,,,,,,
NorthAmerica,United States,"California_Tuolumne County_Hetch Hetchy Rd., between Ranger Station and Dam, Hetch Hetchy Area, Yosemite National Park",37.91745,-119.8076,1370,2003,,,2003,2000s,Museum,SM577,MVZ240796,Anura,Hylidae,Pseudacris,regilla,,Pseudacris regilla,,Low Positive,5.92E-03,0.47,qPCR (Vredenburg Lab),Sam McNally,,1 of 2 qPCR's positive_Coordinate error (m) 11.169_Datum _MaNIS georeferencing guidelines_,,,,,,
NorthAmerica,United States,"California_Tuolumne County_Hetch Hetchy Rd., between Ranger Station and Dam, Hetch Hetchy Area, Yosemite National Park",37.91745,-119.8076,1370,1985,,,2003,2000s,Museum,MVZ240795,MVZ240795,Anura,Hylidae,Pseudacris,regilla,,Pseudacris regilla,,Negative,,0,qPCR (Vredenburg Lab),Sam McNally,,_Coordinate error (m) 11.169_Datum _MaNIS georeferencing guidelines_,,,,,,
NorthAmerica,United States,"California_Tuolumne County_S side Ragged Peak, Mt. Conness Trail, Yosemite National Park",37.918366,-119.354905,3049,1952,7,9,1915,1910s,Museum,MVZ5778,MVZ5778,Anura,Ranidae,Rana,sierrae,,Rana sierrae,,Negative,,0,qPCR (Vredenburg Lab),Sam McNally,,_Coordinate error (m) 1931.2128_Datum __,,,,,,
NorthAmerica,United States,"California_Tuolumne County_0.4 mi E of Hetch Hetchy Reservoir, Yosemite National Park",37.91855,-119.65401,1189,1999,,,2004,2000s,Museum,MVZ245485,MVZ245485,Anura,Hylidae,Pseudacris,regilla,,Pseudacris regilla,,Negative,,0,qPCR (Vredenburg Lab),Sam McNally,,_Coordinate error (m) 21.569_Datum _MaNIS georeferencing guidelines_,,,,,,
NorthAmerica,United States,"California_Tuolumne County_Young Lake near Ragged Peak, Yosemite National Park",37.93776,-119.345037,3003,1952,7,8,1915,1910s,Museum,MVZ5776,MVZ5776,Anura,Ranidae,Rana,sierrae,,Rana sierrae,,Negative,,0,qPCR (Vredenburg Lab),Sam McNally,,_Coordinate error (m) 30_Datum __,,,,,,
NorthAmerica,United States,"California_Tuolumne County_Young Lake near Ragged Peak, Yosemite National Park",37.93776,-119.345037,3003,1952,7,8,1915,1910s,Museum,MVZ5777,MVZ5777,Anura,Ranidae,Rana,sierrae,,Rana sierrae,,Negative,,0,qPCR (Vredenburg Lab),Sam McNally,,_Coordinate error (m) 30_Datum __,,,,,,
NorthAmerica,United States,"California_Tuolumne County_Young Lake, Yosemite National Park",37.938273,-119.337263,3049,1952,7,9,1915,1910s,Museum,MVZ5791,MVZ5791,Anura,Ranidae,Rana,sierrae,,Rana sierrae,,Negative,,0,qPCR (Vredenburg Lab),Sam McNally,,_Coordinate error (m) 30_Datum __,,,,,,
NorthAmerica,United States,"California_Tuolumne County_Young Lake, Yosemite National Park",37.938273,-119.337263,3049,1952,7,9,1915,1910s,Museum,MVZ5792,MVZ5792,Anura,Ranidae,Rana,sierrae,,Rana sierrae,,Negative,,0,qPCR (Vredenburg Lab),Sam McNally,,_Coordinate error (m) 30_Datum __,,,,,,
NorthAmerica,United States,"California_Tuolumne County_Young Lake, Yosemite National Park",37.938273,-119.337263,3049,1952,7,9,1915,1910s,Museum,MVZ5793,MVZ5793,Anura,Ranidae,Rana,sierrae,,Rana sierrae,,Negative,,0,qPCR (Vredenburg Lab),Sam McNally,,_Coordinate error (m) 30_Datum __,,,,,,
NorthAmerica,United States,"California_Tuolumne County_Young Lake, Yosemite National Park",37.938273,-119.337263,3049,1952,7,9,1915,1910s,Museum,MVZ5794,MVZ5794,Anura,Ranidae,Rana,sierrae,,Rana sierrae,,Negative,,0,qPCR (Vredenburg Lab),Sam McNally,,_Coordinate error (m) 30_Datum __,,,,,,
NorthAmerica,United States,"California_Tuolumne County_Young Lake, Yosemite National Park",37.938273,-119.337263,3049,1952,7,9,1915,1910s,Museum,MVZ5795,MVZ5795,Anura,Ranidae,Rana,sierrae,,Rana sierrae,,Negative,,0,qPCR (Vredenburg Lab),Sam McNally,,_Coordinate error (m) 30_Datum __,,,,,,
NorthAmerica,United States,"California_Tuolumne County_Young Lake, Yosemite National Park",37.938273,-119.337263,3049,1952,7,9,1915,1910s,Museum,MVZ5796,MVZ5796,Anura,Ranidae,Rana,sierrae,,Rana sierrae,,Negative,,0,qPCR (Vredenburg Lab),Sam McNally,,_Coordinate error (m) 30_Datum __,,,,,,
NorthAmerica,United States,"California_Tuolumne County_S end of Laurel Lake, Yosemite National Park",37.99567,-119.79391,1977,1966,,,2005,2000s,Museum,MVZ250040,MVZ250040,Anura,Hylidae,Pseudacris,regilla,,Pseudacris regilla,,Negative,,0,qPCR (Vredenburg Lab),Sam McNally,,_Coordinate error (m) _Datum _not recorded_Estimated elevation using GPS Visualizer,,,,,,
NorthAmerica,United States,"California_Tuolumne County_SW end of Lake Vernon, Yosemite National Park",38.01165,-119.72869,2012,2005,,,2005,2000s,Museum,SM164,MVZ250053,Anura,Ranidae,Rana,sierrae,,Rana sierrae,,Negative,,0,qPCR (Vredenburg Lab),Sam McNally,,_Coordinate error (m) _Datum _not recorded_GPS accuracy not recorded,,,,,,
NorthAmerica,United States,"California_Tuolumne County_ N end of Kerrick Meadow, Yosemite National Park",38.11736,-119.48051,2857.1,2005,,,2005,2000s,Museum,SM162,MVZ250048,Anura,Ranidae,Rana,sierrae,,Rana sierrae,,Positive,,1023.6,qPCR (Vredenburg Lab),Sam McNally,,took average of 2 positive qPCR's_ZE's 453.6_1593.6_Coordinate error (m) _Datum _not recorded_Estimated elevation using GPS Visualizer,,,,,,